,elo
Spain,2340.7028234211875
Argentina,2248.4348977778045
England,2206.3499822695417
France,2160.8277577209046
Portugal,2093.179036768273
Brazil,2081.8331385132074
Colombia,2069.215627805811
Netherlands,2043.061471411113
Switzerland,2036.3792282802242
Belgium,2034.4551366062672
Morocco,2020.1453441127564
Germany,1973.4215453604104
Japan,1970.347811157323
Norway,1969.7512126331578
Mexico,1959.3723952272148
Italy,1952.2765309484223
Uruguay,1940.5981032437096
Ecuador,1938.195706268596
Croatia,1921.2029135343655
Paraguay,1918.456307860629
Denmark,1908.0697866716966
Austria,1901.3498186716479
Australia,1892.324188544114
United States,1881.1276655038407
Yugoslavia,1872.9368797516117
Senegal,1870.4501268549757
Iran,1863.0631369607443
Russia,1852.9056498336922
Turkey,1849.4678176625337
Algeria,1846.7490591527799
Canada,1843.9484811090094
South Korea,1840.5822126145838
Greece,1836.4709761757533
Ivory Coast,1835.2953063497598
Egypt,1828.630540724003
Sweden,1826.0916706167145
Nigeria,1824.0829761733755
Venezuela,1817.7569191490575
Chile,1807.3811507490782
Jersey,1805.3193948947808
Czechoslovakia,1804.458493337713
Ukraine,1799.237052648607
Basque Country,1797.3914397873407
DR Congo,1788.84148359784
Scotland,1788.6291845356736
Hungary,1780.2465469503695
Republic of Ireland,1765.4197401847473
Slovenia,1764.6818921736658
Panama,1761.3279812869737
Kosovo,1756.9100507751118
Northern Cyprus,1755.596836381588
Poland,1754.6116232656366
Peru,1751.7679356710787
Serbia,1750.1344130312218
Guernsey,1745.6650698945932
Uzbekistan,1745.3824861619953
Mali,1745.1654567005712
Wales,1736.816161160981
Slovakia,1736.3992735378567
Saudi Arabia,1734.958352240308
German DR,1732.0163828841512
Cameroon,1731.3995161048383
Czech Republic,1728.3795684189831
South Africa,1722.7122246759363
Bosnia and Herzegovina,1722.08681616081
Costa Rica,1716.8441578505751
Northern Ireland,1714.01834965486
Jordan,1711.0348611222364
Isle of Man,1709.247395386159
Bolivia,1702.4966246198946
Haiti,1691.206397297931
New Zealand,1689.7273105834058
Occitania,1684.240297894925
Georgia,1683.3401190799768
United Arab Emirates,1676.1913788430356
Albania,1670.0362198851633
Israel,1668.2072581492691
Jamaica,1665.5136360094477
Honduras,1664.5632222020065
Padania,1660.4901363699048
Isle of Wight,1660.4015778017158
Iraq,1659.2492541456045
Catalonia,1654.0470804169788
Guatemala,1653.7812014616463
Iceland,1652.8265457333264
Burkina Faso,1644.9689877849935
Iraqi Kurdistan,1644.2160972777397
Cape Verde,1641.6773564608195
Ynys Môn,1639.7854084726878
Curaçao,1632.756311230189
Tunisia,1630.8146271317746
Romania,1630.4146645685228
Abkhazia,1627.8324122177125
Palestine,1620.5606995366702
Ghana,1620.2796207416727
Angola,1614.5799352371187
Kárpátalja,1607.5320103886024
Finland,1604.5113156224786
North Macedonia,1604.0866424555372
Syria,1594.461663205126
Belarus,1594.4004879023755
Suriname,1593.3158619078547
Kernow,1592.8334117103934
Andalusia,1592.070769545404
Rhodes,1591.860767554283
County of Nice,1590.7701469320282
Gambia,1587.220453427865
Panjab,1585.2753825502714
Qatar,1581.6511416563862
Tamil Eelam,1580.4900309913407
Réunion,1580.00751836881
Guinea,1576.7649906974063
Oman,1571.9971575885293
Ellan Vannin,1569.404147622199
Uganda,1568.9803710989313
Kurdistan,1566.9527788675914
Menorca,1566.2145681050565
Benin,1564.276889047434
Zambia,1562.341503395026
Artsakh,1556.0666888148055
Corsica,1555.5613030876739
Yorkshire,1553.21993121033
Chameria,1551.8990937713504
Quebec,1546.2709703838002
Arameans Suryoye,1545.5059604332346
Cascadia,1545.197940746581
Montenegro,1539.9010753615376
Gabon,1539.5985935846288
Zanzibar,1534.217331482605
Thailand,1531.4714544626079
Mozambique,1530.0571020615596
Vietnam,1528.3947968966208
Maule Sur,1528.345836909456
Galicia,1526.9188964128386
Bulgaria,1525.863994451654
Asturias,1520.5297736017358
New Caledonia,1519.811287651436
Western Armenia,1518.2240211563803
Surrey,1516.209460170408
Biafra,1514.7559060685412
Canary Islands,1514.6431066446053
Elba Island,1514.2888725742955
Parishes of Jersey,1513.8719758824095
Donetsk PR,1511.7947869683198
Guyana,1510.2614978690603
Mapuche,1508.4707999873015
Crimea,1507.5222035353752
Felvidék,1507.3448990074928
Silesia,1506.8718106370288
Brittany,1504.10162715834
Libya,1503.3383970428742
Shetland,1503.2776057345093
United Koreans in Japan,1501.5110600984856
Délvidék,1500.2082268674346
Rwanda,1497.1657864411195
Tahiti,1496.406323794449
Central Spain,1495.317158400716
Madagascar,1494.8477159571748
Saugeais,1494.7334626950255
Greenland,1493.6708589248924
China,1493.2874668060351
Dominican Republic,1491.8921646078882
North Korea,1491.2553438711127
Trinidad and Tobago,1491.193006936374
Niger,1490.6566756853094
Cilento,1490.5313211607638
Malaysia,1490.0064202657481
Madrid,1489.4691763510714
Comoros,1489.4233726839354
Luhansk PR,1489.1599057445667
North Vietnam,1487.1622953747442
Togo,1487.138239281297
Seborga,1486.4271730159594
Zimbabwe,1485.258930357804
Sealand,1483.7126981680112
Yoruba Nation,1483.5304391195905
Székely Land,1483.4256754856647
Matabeleland,1482.6111988587002
Sápmi,1481.2142641560627
Republic of St. Pauli,1480.9233019955611
Franconia,1478.134423395168
Somaliland,1476.6014785553657
South Ossetia,1475.8926432223
El Salvador,1475.2368927897342
Kazakhstan,1474.7876192104181
Ryūkyū,1474.4200526842956
West Papua,1474.3316085799436
Åland Islands,1473.455481454473
Indonesia,1472.9999557120698
South Yemen,1469.575827391422
Martinique,1468.5174259946707
Guinea-Bissau,1468.3627157143671
Gozo,1467.7744923757352
Rouet-Provence,1465.4317742332057
Romani people,1463.3074447138365
Sudan,1463.289881566133
Aymara,1463.1833631032425
East Turkestan,1463.170911641092
Kyrgyzstan,1463.0311944334703
Hmong,1459.724889376371
Equatorial Guinea,1459.662664850851
Provence,1459.250647516878
Bahrain,1458.415700517279
French Guiana,1457.136547497037
Mauritania,1457.1299687242329
Vanuatu,1455.8895947867336
Kabylia,1455.7897525111453
Estonia,1455.5055447534914
Mayotte,1452.7874137443316
Chechnya,1451.2802276544726
Kenya,1450.5367168162468
Saarland,1446.714176235167
Monaco,1445.194851314354
Gotland,1443.8729327945878
Faroe Islands,1443.6630265765882
Fiji,1442.0523124141253
Kuwait,1440.374606985217
Lebanon,1437.191972361471
Western Isles,1436.0899333753816
Burundi,1435.9026085525754
Malawi,1433.3118813053536
Papua New Guinea,1431.91330139093
Nicaragua,1431.8865505285441
Guadeloupe,1431.6807929924464
Tajikistan,1431.5330179566777
Manchukuo,1430.3536937259698
Găgăuzia,1429.6439516852095
Sierra Leone,1429.379338751435
Niue,1427.2817442423848
Luxembourg,1426.1249338936407
Armenia,1423.5464693949484
Cuba,1423.3026059484137
Namibia,1423.0954293644454
Palau,1421.5663179351113
Canton Ticino,1420.977385915551
Saint Barthélemy,1418.3162546158928
Marshall Islands,1417.8032461155176
Two Sicilies,1416.776907851158
Botswana,1413.3399254904432
Saint Vincent and the Grenadines,1412.9739975102489
Solomon Islands,1411.426693276924
Vatican City,1409.6340358506786
Liberia,1406.3036000218171
Azerbaijan,1405.2788049474061
Western Sahara,1399.9129083784455
Orkney,1397.3781754415772
Western Australia,1395.1862268800344
Cyprus,1394.6994537822666
Ethiopia,1390.4555874692503
Ambazonia,1389.0953020453849
Lesotho,1388.6206693701415
Tanzania,1385.655706363273
Turkmenistan,1384.4189095095728
Puerto Rico,1370.770672752768
Raetia,1370.3744141941963
Chagos Islands,1359.324355278931
Barawa,1358.786254626437
Malta,1358.3819614363288
Yemen DPR,1354.4054891679784
Lithuania,1350.2631331681825
Saint Helena,1348.5302087199684
Vietnam Republic,1346.0035337808793
Hitra,1343.6220903106414
Saare County,1340.926650398335
Yemen,1333.0173234372733
Central African Republic,1332.2198462378071
Moldova,1329.5371673215307
Congo,1328.0131634796985
Sark,1327.723683989034
Micronesia,1326.835863181923
Hong Kong,1319.4080776748488
Saint Martin,1308.7564129878092
Singapore,1308.3416453574418
Latvia,1308.1267724859347
Saint Kitts and Nevis,1302.9239152252192
Philippines,1297.4064349011023
Wallis Islands and Futuna,1296.0213363658472
Montserrat,1290.0577468985182
Saint Lucia,1284.9152840071042
Saint Pierre and Miquelon,1284.36491842218
Darfur,1275.458930032163
Eritrea,1271.3891478465748
Tibet,1267.439156877191
Bermuda,1259.0610421264257
Belize,1248.4285799060353
India,1248.362658113511
Sint Maarten,1247.3496697792743
Eswatini,1247.2170716685491
Samoa,1243.3549974550672
South Sudan,1237.703195495235
Aruba,1233.3462416774803
Kiribati,1232.4286752134105
Barbados,1221.428812815778
Grenada,1220.8769205631552
Tuvalu,1217.4631587381468
Falkland Islands,1214.7727939916585
Chad,1201.1636025388825
Frøya,1194.728111806568
Mauritius,1173.8452564913746
Afghanistan,1169.7823809679412
Myanmar,1159.8574784842683
São Tomé and Príncipe,1159.856890545141
Cook Islands,1158.4325231608664
Bonaire,1156.4591820790322
Gibraltar,1155.5423411347608
Antigua and Barbuda,1151.7648980832923
Dominica,1138.4389509276868
Andorra,1131.0579685280713
Pakistan,1114.855542184398
Bangladesh,1109.312924054189
Nepal,1099.1328606961179
Djibouti,1098.8891082671198
Tonga,1087.12325963592
Alderney,1076.990459771667
Somalia,1076.308668156987
Cambodia,1075.2836535154627
Cayman Islands,1061.0305319115998
Taiwan,1056.7084284293755
Sri Lanka,1053.1772399105705
United States Virgin Islands,1031.7744374204287
Turks and Caicos Islands,1028.3579055904129
Mongolia,995.71988987855
British Virgin Islands,991.7416908482643
Liechtenstein,989.6642429572848
Maldives,986.6383322847316
Northern Mariana Islands,981.2114651646285
Seychelles,977.8097129138596
Guam,977.2985791102869
Bahamas,944.8805840111197
American Samoa,942.7814756732774
Laos,929.413596848342
Anguilla,896.4602453116183
Timor-Leste,893.1171927816398
San Marino,892.6180800399126
Brunei,880.3825420610123
Bhutan,859.3356472009364
Macau,846.2030831052001
